observation_date,GDP,CPIAUCSL,UNRATE,DGS30_x,T10Y2Y,DEXINUS,DEXUSUK,CCUSMA02RUM618N,MORTGAGE30US,DAAA,DBAA,DFF,UMCSENT,DGS30_y,DGS10,DGS3MO,DGS2
1990-01-01,5872.701,127.5,5.4,8.26,0.12,16.9633,1.6512,,9.9,8.99,9.94,8.23,93.0,8.26,8.21,7.9,8.09
1990-02-01,5901.81,128.0,5.3,8.5,0.1,16.9895,1.6961,,10.2,9.22,10.14,8.24,89.5,8.5,8.47,8.0,8.37
1990-03-01,5930.919,128.6,5.2,8.56,-0.04,17.1164,1.6245,,10.27,9.37,10.21,8.28,91.3,8.56,8.59,8.17,8.63
1990-04-01,5960.028,128.9,5.4,8.76,0.06,17.2943,1.6372,,10.37,9.46,10.3,8.26,93.9,8.76,8.79,8.04,8.72
1990-05-01,5978.390666666667,129.1,5.4,8.73,0.12,17.3245,1.6774,,10.48,9.47,10.41,8.18,90.6,8.73,8.76,8.01,8.64
1990-06-01,5996.753333333333,129.9,5.2,8.46,0.13,17.421,1.7103,,10.16,9.26,10.22,8.29,88.3,8.46,8.48,7.99,8.35
1990-07-01,6015.116,130.5,5.5,8.5,0.31,17.4119,1.8098,,10.04,9.24,10.2,8.15,88.2,8.5,8.47,7.87,8.16
1990-08-01,6011.655,131.6,5.7,8.86,0.69,17.3465,1.9013,,10.1,9.41,10.41,8.13,76.4,8.86,8.75,7.69,8.06
1990-09-01,6008.194,132.5,5.9,9.03,0.81,17.8595,1.8794,,10.18,9.56,10.64,8.2,72.8,9.03,8.89,7.6,8.08
1990-10-01,6004.733,133.4,5.9,8.86,0.84,18.0736,1.9456,,10.18,9.53,10.74,8.11,63.9,8.86,8.72,7.4,7.88
1990-11-01,6014.881333333334,133.7,6.2,8.54,0.79,18.0975,1.9642,,10.01,9.3,10.62,7.81,66.0,8.54,8.39,7.29,7.6
1990-12-01,6025.029666666666,134.2,6.3,8.24,0.76,18.1272,1.9219,,9.67,9.05,10.43,7.31,65.5,8.24,8.08,6.95,7.31
1991-01-01,6035.178,134.7,6.4,8.27,0.97,18.339,1.9346,,9.64,9.04,10.45,6.91,66.8,8.27,8.09,6.41,7.13
1991-02-01,6065.739333333333,134.8,6.6,8.03,0.99,18.86,1.9641,,9.37,8.83,10.07,6.25,70.4,8.03,7.85,6.12,6.87
1991-03-01,6096.300666666667,134.8,6.8,8.29,1.01,19.2429,1.8214,,9.5,8.93,10.09,6.12,87.7,8.29,8.11,6.09,7.1
1991-04-01,6126.862,135.1,6.7,8.21,1.09,19.9064,1.7497,,9.49,8.86,9.94,5.91,81.8,8.21,8.04,5.83,6.95
1991-05-01,6153.220333333334,135.6,6.9,8.27,1.28,20.5186,1.7238,,9.47,8.86,9.86,5.78,78.3,8.27,8.07,5.63,6.78
1991-06-01,6179.578666666666,136.0,6.9,8.47,1.33,21.062,1.6497,,9.62,9.01,9.96,5.9,82.1,8.47,8.28,5.75,6.96
1991-07-01,6205.937,136.2,6.8,8.45,1.36,25.6127,1.6513,,9.58,9.0,9.89,5.82,82.9,8.45,8.27,5.75,6.92
1991-08-01,6225.471333333333,136.6,6.9,8.14,1.47,25.8457,1.6841,,9.24,8.75,9.65,5.66,82.0,8.14,7.9,5.5,6.43
1991-09-01,6245.005666666667,137.0,6.9,7.95,1.47,25.8335,1.7265,,9.01,8.61,9.51,5.45,83.0,7.95,7.65,5.37,6.18
1991-10-01,6264.54,137.2,7.0,7.93,1.62,25.7973,1.7231,,8.86,8.55,9.49,5.21,78.3,7.93,7.53,5.14,5.91
1991-11-01,6297.394,137.8,7.0,7.92,1.86,25.8021,1.7796,,8.71,8.48,9.45,4.81,69.1,7.92,7.42,4.69,5.56
1991-12-01,6330.248,138.2,7.3,7.7,2.06,25.818,1.8272,,8.5,8.31,9.26,4.43,68.2,7.7,7.09,4.18,5.03
1992-01-01,6363.102,138.3,7.3,7.58,2.07,25.8629,1.809,,8.43,8.2,9.13,4.03,67.5,7.58,7.03,3.91,4.96
1992-02-01,6398.989,138.6,7.4,7.85,2.13,25.9921,1.7778,,8.76,8.29,9.23,4.06,68.8,7.85,7.34,3.95,5.21
1992-03-01,6434.876,139.1,7.4,7.97,1.86,28.3777,1.7238,,8.94,8.35,9.25,3.98,76.0,7.97,7.54,4.14,5.69
1992-04-01,6470.763,139.4,7.4,7.96,2.14,28.8962,1.7566,,8.85,8.33,9.21,3.73,77.2,7.96,7.48,3.84,5.34
1992-05-01,6502.722333333333,139.7,7.6,7.89,2.17,28.5415,1.8095,,8.67,8.28,9.13,3.82,79.2,7.89,7.39,3.72,5.23
1992-06-01,6534.681666666666,140.1,7.8,7.84,2.21,28.5186,1.8551,0.138,8.51,8.22,9.05,3.76,80.4,7.84,7.26,3.75,5.05
1992-07-01,6566.641,140.5,7.7,7.6,2.49,28.5639,1.9177,0.168,8.13,8.07,8.84,3.25,76.6,7.6,6.84,3.28,4.36
1992-08-01,6604.695,140.8,7.6,7.39,2.39,28.4635,1.9434,0.217,7.98,7.95,8.65,3.3,76.1,7.39,6.59,3.2,4.19
1992-09-01,6642.749,141.1,7.6,7.34,2.52,28.4757,1.8465,0.344,7.92,7.92,8.62,3.22,75.6,7.34,6.42,2.97,3.89
1992-10-01,6680.803,141.7,7.3,7.53,2.51,28.4767,1.6529,0.424,8.09,7.99,8.84,3.1,73.3,7.53,6.59,2.93,4.08
1992-11-01,6697.0216666666665,142.1,7.4,7.61,2.29,28.4737,1.5268,0.415,8.31,8.1,8.96,3.09,85.3,7.61,6.87,3.21,4.58
1992-12-01,6713.240333333333,142.3,7.4,7.44,2.1,28.9786,1.551,0.462,8.21,7.98,8.81,2.92,91.0,7.44,6.77,3.29,4.67
1993-01-01,6729.459,142.8,7.3,7.34,2.21,29.0432,1.5325,0.568,7.99,7.91,8.67,3.02,89.3,7.34,6.6,3.07,4.39
1993-02-01,6755.952333333334,143.1,7.1,7.09,2.16,30.0421,1.4395,0.659,7.68,7.71,8.39,3.03,86.6,7.09,6.26,2.99,4.1
1993-03-01,6782.4456666666665,143.3,7.0,6.82,2.03,31.9391,1.4617,0.7559999999999999,7.5,7.58,8.15,3.07,85.9,6.82,5.98,3.01,3.95
1993-04-01,6808.939,143.8,7.1,6.85,2.13,31.6095,1.5447,0.893,7.47,7.46,8.14,2.96,85.6,6.85,5.97,2.93,3.84
1993-05-01,6833.325333333333,144.2,7.1,6.92,2.06,31.6125,1.5477,1.08,7.47,7.43,8.21,3.0,80.3,6.92,6.04,3.03,3.98
1993-06-01,6857.711666666667,144.3,7.0,6.81,1.8,31.6682,1.5082,1.03,7.42,7.33,8.07,3.04,81.5,6.81,5.96,3.14,4.16
1993-07-01,6882.098,144.5,6.9,6.63,1.73,31.6,1.4955,0.986,7.21,7.17,7.93,3.06,77.0,6.63,5.81,3.11,4.07
1993-08-01,6925.978,144.8,6.8,6.32,1.68,31.6123,1.4914,1.065,7.11,6.85,7.6,3.03,77.3,6.32,5.68,3.09,4.0
1993-09-01,6969.858,145.0,6.7,6.0,1.51,31.5776,1.5248,1.186,6.92,6.66,7.34,3.09,77.9,6.0,5.36,3.01,3.85
1993-10-01,7013.738,145.6,6.8,5.94,1.46,31.505,1.5023,1.1909999999999998,6.83,6.67,7.31,2.99,82.7,5.94,5.33,3.09,3.87
1993-11-01,7047.709333333333,146.0,6.6,6.21,1.57,31.4335,1.4808,1.239,7.16,6.93,7.66,3.02,81.2,6.21,5.72,3.18,4.16
1993-12-01,7081.680666666667,146.3,6.5,6.25,1.56,31.44,1.4913,1.247,7.17,6.93,7.69,2.96,88.2,6.25,5.77,3.13,4.21
1994-01-01,7115.652,146.3,6.6,6.29,1.61,31.44,1.4923,1.821,7.06,6.92,7.65,3.05,94.3,6.29,5.75,3.04,4.14
1994-02-01,7159.411666666667,146.7,6.6,6.49,1.5,31.4489,1.4792,1.93,7.15,7.08,7.76,3.25,93.2,6.49,5.97,3.33,4.47
1994-03-01,7203.171333333333,147.1,6.5,6.91,1.49,31.4147,1.4919,1.753,7.68,7.48,8.13,3.34,91.5,6.91,6.48,3.59,5.0
1994-04-01,7246.931,147.2,6.4,7.27,1.42,31.3914,1.4823,2.136,8.32,7.88,8.52,3.56,92.6,7.27,6.97,3.78,5.55
1994-05-01,7274.978999999999,147.5,6.1,7.41,1.22,31.3754,1.5042,2.242,8.6,7.99,8.62,4.01,92.8,7.41,7.18,4.27,5.97
1994-06-01,7303.027,147.9,6.1,7.4,1.17,31.3845,1.5262,1.985,8.4,7.97,8.65,4.25,91.2,7.4,7.1,4.25,5.93
1994-07-01,7331.075,148.4,6.1,7.58,1.17,31.3764,1.5467,2.456,8.61,8.11,8.8,4.26,89.0,7.58,7.3,4.46,6.13
1994-08-01,7372.479333333333,149.0,6.0,7.49,1.06,31.3727,1.5422,2.564,8.51,8.07,8.74,4.47,91.7,7.49,7.24,4.61,6.18
1994-09-01,7413.883666666667,149.3,5.9,7.71,1.06,31.3723,1.5661,2.596,8.64,8.34,8.98,4.73,91.5,7.71,7.46,4.75,6.39
1994-10-01,7455.288,149.4,5.8,7.94,1.02,31.3726,1.6064,2.778,8.93,8.57,9.2,4.76,92.7,7.94,7.74,5.1,6.73
1994-11-01,7477.621666666666,149.8,5.6,8.08,0.81,31.394,1.5892,2.887,9.17,8.68,9.32,5.29,91.6,8.08,7.96,5.45,7.15
1994-12-01,7499.955333333333,150.1,5.5,7.87,0.22,31.3894,1.5587,3.55,9.2,8.46,9.1,5.45,95.1,7.87,7.81,5.76,7.59
1995-01-01,7522.289,150.5,5.6,7.85,0.27,31.3736,1.5746,4.004,9.15,8.46,9.08,5.53,97.6,7.85,7.78,5.9,7.51
1995-02-01,7541.858333333334,150.9,5.4,7.61,0.36,31.3795,1.572,4.407,8.83,8.26,8.85,5.92,95.1,7.61,7.47,5.94,7.11
1995-03-01,7561.4276666666665,151.2,5.4,7.45,0.43,31.5865,1.6002,4.897,8.46,8.12,8.7,5.98,90.3,7.45,7.2,5.91,6.78
1995-04-01,7580.997,151.8,5.8,7.36,0.49,31.4073,1.6073,5.1,8.32,8.03,8.6,6.05,92.5,7.36,7.06,5.84,6.57
1995-05-01,7615.039666666667,152.1,5.6,6.95,0.46,31.4179,1.5874,4.995,7.96,7.65,8.2,6.01,89.8,6.95,6.63,5.85,6.17
1995-06-01,7649.082333333334,152.4,5.6,6.57,0.45,31.4037,1.5948,4.751,7.57,7.3,7.9,6.0,92.7,6.57,6.17,5.64,5.72
1995-07-01,7683.125,152.6,5.7,6.72,0.5,31.3853,1.5952,4.529,7.61,7.41,8.04,5.85,94.4,6.72,6.28,5.59,5.78
1995-08-01,7712.945333333333,152.9,5.7,6.86,0.51,31.5923,1.5668,4.415,7.86,7.57,8.19,5.74,96.2,6.86,6.49,5.57,5.98
1995-09-01,7742.765666666667,153.1,5.6,6.55,0.39,33.3098,1.559,4.46857,7.64,7.32,7.93,5.8,88.9,6.55,6.2,5.43,5.81
1995-10-01,7772.586,153.5,5.5,6.37,0.35,34.6564,1.5779,4.50218,7.48,7.12,7.75,5.76,90.2,6.37,6.04,5.44,5.7
1995-11-01,7804.546666666667,153.7,5.6,6.26,0.45,34.71,1.5625,4.537,7.38,7.02,7.68,5.8,88.2,6.26,5.93,5.52,5.48
1995-12-01,7836.507333333333,153.9,5.6,6.06,0.39,34.9663,1.5405,4.61605,7.2,6.82,7.49,5.6,91.0,6.06,5.71,5.29,5.32
1996-01-01,7868.468,154.7,5.6,6.05,0.54,35.8117,1.5288,4.682,7.03,6.81,7.47,5.56,89.3,6.05,5.65,5.15,5.11
1996-02-01,7923.258666666667,155.0,5.5,6.24,0.78,36.5945,1.536,4.757,7.08,6.99,7.63,5.22,88.5,6.24,5.81,4.96,5.03
1996-03-01,7978.049333333333,155.5,5.5,6.6,0.61,34.4852,1.5271,4.834,7.62,7.35,8.04,5.31,93.7,6.6,6.27,5.1,5.66
1996-04-01,8032.84,156.1,5.6,6.79,0.55,34.3195,1.516,4.9,7.93,7.5,8.2,5.22,92.7,6.79,6.51,5.09,5.96
1996-05-01,8065.696,156.4,5.6,6.93,0.64,35.025,1.5152,4.978,8.07,7.62,8.3,5.24,89.4,6.93,6.74,5.15,6.1
1996-06-01,8098.552000000001,156.7,5.3,7.06,0.62,35.0995,1.5416,5.053,8.32,7.71,8.4,5.27,92.4,7.06,6.91,5.23,6.3
1996-07-01,8131.408,157.0,5.5,7.03,0.6,35.6673,1.553,5.147,8.25,7.65,8.35,5.4,94.7,7.03,6.87,5.3,6.27
1996-08-01,8174.195666666667,157.2,5.1,6.84,0.61,35.8,1.5499,5.28,8.0,7.46,8.18,5.22,95.3,6.84,6.64,5.19,6.03
1996-09-01,8216.983333333334,157.7,5.2,7.03,0.6,35.87,1.5593,5.37,8.23,7.66,8.35,5.3,94.7,7.03,6.83,5.24,6.23
1996-10-01,8259.771,158.2,5.2,6.81,0.62,35.8036,1.5863,5.431,7.92,7.39,8.07,5.24,96.5,6.81,6.53,5.12,5.91
1996-11-01,8294.065666666667,158.7,5.4,6.48,0.5,35.8392,1.6623,5.482,7.62,7.1,7.79,5.31,99.2,6.48,6.2,5.17,5.7
1996-12-01,8328.360333333334,159.1,5.4,6.55,0.52,35.8815,1.6639,5.5360000000000005,7.6,7.2,7.89,5.29,96.9,6.55,6.3,5.04,5.78
1997-01-01,8362.655,159.4,5.3,6.83,0.57,35.9037,1.6585,5.601,7.82,7.42,8.1,5.25,97.4,6.83,6.58,5.17,6.01
1997-02-01,8414.711666666668,159.7,5.2,6.69,0.52,35.8905,1.6256,5.654,7.65,7.31,7.94,5.19,99.7,6.69,6.42,5.14,5.9
1997-03-01,8466.768333333333,159.8,5.2,6.93,0.47,35.8848,1.6096,5.704,7.9,7.56,8.18,5.39,100.0,6.93,6.69,5.28,6.22
1997-04-01,8518.825,159.9,5.1,7.09,0.44,35.8281,1.6293,5.747000000000001,8.14,7.73,8.34,5.51,101.4,7.09,6.89,5.3,6.45
1997-05-01,8566.824333333334,159.9,4.9,6.94,0.43,35.8248,1.6322,5.77,7.94,7.59,8.2,5.5,103.2,6.94,6.71,5.2,6.28
1997-06-01,8614.823666666667,160.2,5.0,6.77,0.4,35.8202,1.6449,5.78,7.69,7.41,8.02,5.56,104.5,6.77,6.49,5.07,6.09
1997-07-01,8662.823,160.4,4.9,6.51,0.33,35.7474,1.6694,5.787000000000001,7.5,7.14,7.75,5.52,107.1,6.51,6.22,5.19,5.89
1997-08-01,8697.184333333333,160.8,4.8,6.58,0.36,36.0085,1.6035,5.811,7.48,7.22,7.82,5.54,104.4,6.58,6.3,5.28,5.94
1997-09-01,8731.545666666667,161.2,4.9,6.5,0.33,36.4756,1.6013,5.846,7.43,7.15,7.71,5.54,106.0,6.5,6.21,5.08,5.88
1997-10-01,8765.907,161.5,4.7,6.33,0.26,36.302,1.633,5.875,7.29,7.0,7.57,5.5,105.6,6.33,6.03,5.11,5.77
1997-11-01,8799.431333333332,161.7,4.6,6.11,0.16,37.2889,1.6889,5.902,7.21,6.87,7.42,5.52,107.2,6.11,5.88,5.28,5.71
1997-12-01,8832.955666666667,161.8,4.7,5.99,0.09,39.4,1.6597,5.941,7.1,6.77,7.33,5.5,102.1,5.99,5.81,5.3,5.72
1998-01-01,8866.48,162.0,4.6,5.81,0.19,39.391,1.635,5.9951,6.99,6.61,7.2,5.56,106.6,5.81,5.54,5.18,5.36
1998-02-01,8900.886333333334,162.0,4.6,5.89,0.16,39.0079,1.6408,6.0497,7.04,6.68,7.26,5.51,110.4,5.89,5.57,5.23,5.42
1998-03-01,8935.292666666666,162.0,4.7,5.95,0.09,39.5686,1.6619,6.0896,7.13,6.71,7.32,5.49,106.5,5.95,5.65,5.16,5.56
1998-04-01,8969.699,162.2,4.3,5.92,0.07,39.7029,1.6723,6.1238,7.14,6.7,7.33,5.45,108.7,5.92,5.64,5.08,5.56
1998-05-01,9020.165,162.6,4.4,5.93,0.06,40.4687,1.6382,6.1485,7.14,6.7,7.3,5.49,106.5,5.93,5.65,5.14,5.59
1998-06-01,9070.631,162.8,4.5,5.7,-0.02,42.3668,1.6504,6.1797,7.0,6.53,7.13,5.56,105.6,5.7,5.5,5.12,5.52
1998-07-01,9121.097,163.2,4.5,5.68,0.0,42.6118,1.6437,6.2163,6.95,6.55,7.15,5.54,105.2,5.68,5.46,5.09,5.46
1998-08-01,9178.728333333333,163.4,4.5,5.54,0.07,42.8429,1.6342,6.7495,6.92,6.52,7.14,5.55,104.4,5.54,5.34,5.04,5.27
1998-09-01,9236.359666666667,163.5,4.6,5.2,0.14,42.579,1.6823,14.5257,6.72,6.4,7.09,5.51,100.9,5.2,4.81,4.74,4.67
1998-10-01,9293.991,163.9,4.5,5.01,0.44,42.3943,1.6944,15.9227,6.71,6.38,7.18,5.07,97.4,5.01,4.53,4.07,4.09
1998-11-01,9333.221333333333,164.1,4.4,5.25,0.29,42.4284,1.6611,16.47,6.87,6.41,7.34,4.83,102.7,5.25,4.83,4.53,4.54
1998-12-01,9372.451666666668,164.4,4.4,5.06,0.14,42.5909,1.6708,19.9904,6.74,6.22,7.23,4.68,100.5,5.06,4.65,4.5,4.51
1999-01-01,9411.682,164.7,4.3,5.16,0.11,42.5453,1.6498,22.2876,6.79,6.24,7.29,4.63,103.9,5.16,4.72,4.45,4.62
1999-02-01,9449.858,164.7,4.4,5.37,0.12,42.5316,1.6276,22.9021,6.81,6.4,7.39,4.76,108.1,5.37,5.0,4.56,4.88
1999-03-01,9488.034,164.8,4.2,5.58,0.18,42.5161,1.6213,23.4788,7.04,6.62,7.53,4.81,105.7,5.58,5.23,4.57,5.05
1999-04-01,9526.21,165.9,4.3,5.55,0.21,42.7968,1.6089,24.7419,6.92,6.64,7.48,4.74,104.6,5.55,5.18,4.41,4.98
1999-05-01,9579.681999999999,166.0,4.2,5.81,0.29,42.859,1.6154,24.4552,7.15,6.93,7.72,4.74,106.8,5.81,5.54,4.63,5.25
1999-06-01,9633.154,166.0,4.3,6.04,0.28,43.2127,1.595,24.2856,7.55,7.23,8.02,4.76,107.3,6.04,5.9,4.72,5.62
1999-07-01,9686.626,166.7,4.3,5.98,0.24,43.3567,1.5751,24.3048,7.63,7.19,7.95,4.99,106.0,5.98,5.79,4.69,5.55
1999-08-01,9757.807,167.1,4.2,6.07,0.26,43.5032,1.6058,24.6965,7.94,7.4,8.15,5.07,104.5,6.07,5.94,4.87,5.68
1999-09-01,9828.988,167.8,4.2,6.07,0.25,43.5981,1.6247,25.4704,7.82,7.4,8.2,5.22,107.2,6.07,5.92,4.82,5.66
1999-10-01,9900.169,168.1,4.1,6.26,0.25,43.5528,1.6572,25.7135,7.85,7.55,8.38,5.2,103.2,6.26,6.11,5.02,5.86
1999-11-01,9934.172333333334,168.4,4.1,6.15,0.17,43.458,1.6205,26.3028,7.74,7.36,8.15,5.42,107.2,6.15,6.03,5.23,5.86
1999-12-01,9968.175666666666,168.8,4.0,6.35,0.17,43.5239,1.6132,26.7996,7.91,7.55,8.19,5.3,105.4,6.35,6.28,5.36,6.1
2000-01-01,10002.179,169.3,4.0,6.63,0.22,43.5895,1.6404,28.1891,8.21,7.78,8.33,5.45,112.0,6.63,6.66,5.5,6.44
2000-02-01,10084.026,170.0,4.1,6.23,-0.09,43.654,1.6,28.7276,8.33,7.68,8.29,5.73,111.3,6.23,6.52,5.73,6.61
2000-03-01,10165.873,171.0,4.0,6.05,-0.27,43.6383,1.5799,28.4581,8.24,7.68,8.37,5.85,107.1,6.05,6.26,5.86,6.53
2000-04-01,10247.72,170.9,3.8,5.85,-0.41,43.6847,1.5823,28.5924,8.15,7.64,8.4,6.02,109.2,5.85,5.99,5.82,6.4
2000-05-01,10271.201666666666,171.2,4.0,6.15,-0.37,44.0759,1.509,28.3108,8.52,7.99,8.9,6.27,110.7,6.15,6.44,5.99,6.81
2000-06-01,10294.683333333334,172.2,4.0,5.93,-0.38,44.7605,1.5092,28.2432,8.29,7.67,8.48,6.53,106.4,5.93,6.1,5.86,6.48
2000-07-01,10318.165,172.7,4.0,5.85,-0.29,44.8405,1.5076,27.8496,8.15,7.65,8.35,6.54,108.3,5.85,6.05,6.14,6.34
2000-08-01,10357.358,172.7,4.1,5.72,-0.4,45.7687,1.4889,27.7356,8.03,7.55,8.26,6.5,107.3,5.72,5.83,6.28,6.23
2000-09-01,10396.551000000001,173.6,3.9,5.83,-0.28,45.968,1.4336,27.7981,7.91,7.62,8.35,6.52,106.8,5.83,5.8,6.18,6.08
2000-10-01,10435.744,173.9,3.9,5.8,-0.17,46.4252,1.4506,27.87,7.8,7.55,8.34,6.51,105.8,5.8,5.74,6.29,5.91
2000-11-01,10447.239666666666,174.2,3.9,5.78,-0.16,46.8214,1.4258,27.8092,7.75,7.45,8.28,6.51,107.6,5.78,5.72,6.36,5.88
2000-12-01,10458.735333333334,174.6,3.9,5.49,-0.11,46.7845,1.4629,27.9663,7.38,7.21,8.02,6.4,98.4,5.49,5.24,5.94,5.35
2001-01-01,10470.231,175.6,4.2,5.54,0.4,46.6138,1.4775,28.3592,7.03,7.15,7.93,5.98,94.7,5.54,5.16,5.29,4.76
2001-02-01,10513.154,176.0,4.2,5.45,0.44,46.5616,1.4525,28.5942,7.05,7.1,7.87,5.49,90.6,5.45,5.1,5.01,4.66
2001-03-01,10556.077,176.1,4.3,5.34,0.54,46.6532,1.4445,28.6769,6.95,6.98,7.84,5.31,91.5,5.34,4.89,4.54,4.34
2001-04-01,10599.0,176.4,4.4,5.65,0.91,46.7886,1.4348,28.8464,7.08,7.2,8.07,4.8,88.4,5.65,5.14,3.97,4.23
2001-05-01,10598.673333333334,177.3,4.3,5.78,1.13,46.9473,1.4265,29.0183,7.15,7.29,8.07,4.21,92.0,5.78,5.39,3.7,4.26
2001-06-01,10598.346666666666,177.7,4.5,5.67,1.2,47.0424,1.402,29.1144,7.16,7.18,7.97,3.97,92.6,5.67,5.28,3.57,4.08
2001-07-01,10598.02,177.4,4.6,5.61,1.2,47.1781,1.4148,29.2173,7.13,7.13,7.97,3.77,92.4,5.61,5.24,3.59,4.04
2001-08-01,10618.835000000001,177.4,4.9,5.48,1.21,47.1665,1.4372,29.3452,6.95,7.02,7.85,3.65,91.5,5.48,4.97,3.44,3.76
2001-09-01,10639.65,178.1,5.0,5.48,1.61,47.7511,1.4638,29.4288,6.82,7.17,8.03,3.07,81.8,5.48,4.73,2.69,3.12
2001-10-01,10660.465,177.6,5.3,5.32,1.84,48.0514,1.4501,29.5344,6.62,7.03,7.91,2.49,82.7,5.32,4.57,2.2,2.73
2001-11-01,10701.476666666667,177.5,5.5,5.12,1.87,48.043,1.4356,29.7956,6.66,6.97,7.81,2.09,83.9,5.12,4.65,1.91,2.78
2001-12-01,10742.488333333333,177.4,5.7,5.48,1.98,47.9345,1.4413,30.0916,7.07,6.77,8.05,1.82,88.8,5.48,5.09,1.72,3.11
2002-01-01,10783.5,177.7,5.7,5.45,2.01,48.3533,1.4322,30.4669,7.0,6.55,7.87,1.73,93.0,5.45,5.04,1.68,3.03
2002-02-01,10818.153333333334,178.0,5.7,5.45,1.9,48.7168,1.4227,30.8007,6.89,6.51,7.89,1.74,90.7,5.45,4.91,1.76,3.02
2002-03-01,10852.806666666665,178.5,5.7,5.81,1.73,48.7667,1.423,31.059,7.01,6.81,8.11,1.73,95.7,5.81,5.28,1.83,3.56
2002-04-01,10887.46,179.3,5.9,5.79,1.79,48.9386,1.4429,31.1717,6.99,6.76,8.03,1.75,93.0,5.79,5.21,1.75,3.42
2002-05-01,10919.653333333334,179.5,5.8,5.76,1.9,49.0168,1.4598,31.2476,6.81,6.75,8.09,1.75,96.9,5.76,5.16,1.76,3.26
2002-06-01,10951.846666666666,179.6,5.8,5.68,1.93,48.984,1.4837,31.4021,6.65,6.63,7.95,1.75,92.4,5.68,4.93,1.73,2.99
2002-07-01,10984.04,180.0,5.8,5.59,2.1,48.7877,1.5565,31.5144,6.49,6.53,7.9,1.73,88.1,5.59,4.65,1.71,2.56
2002-08-01,11009.837666666668,180.5,5.7,5.28,2.12,48.615,1.5368,31.5563,6.29,6.37,7.58,1.74,87.6,5.28,4.26,1.65,2.13
2002-09-01,11035.635333333334,180.8,5.7,4.96,1.87,48.4625,1.5563,31.6251,6.09,6.15,7.4,1.75,86.1,4.96,3.87,1.66,2.0
2002-10-01,11061.433,181.2,5.7,5.18,2.03,48.3882,1.5575,31.6926,6.11,6.32,7.73,1.75,80.6,5.18,3.94,1.61,1.91
2002-11-01,11098.998333333335,181.5,5.9,5.18,2.13,48.2853,1.5711,31.8083,6.07,6.31,7.62,1.34,84.2,5.18,4.05,1.25,1.92
2002-12-01,11136.563666666667,181.8,6.0,5.13,2.2,48.1495,1.5863,31.8371,6.05,6.21,7.45,1.24,86.7,5.13,4.03,1.21,1.84
2003-01-01,11174.129,182.6,5.8,5.14,2.31,47.9571,1.6175,31.8152,5.92,6.17,7.35,1.24,82.4,5.14,4.05,1.19,1.74
2003-02-01,11220.341333333334,183.6,5.9,5.02,2.27,47.7474,1.6079,31.7018,5.84,5.95,7.06,1.26,79.9,5.02,3.9,1.19,1.63
2003-03-01,11266.553666666667,183.9,5.9,5.03,2.23,47.6767,1.5825,31.4538,5.75,5.89,6.95,1.25,77.6,5.03,3.81,1.15,1.57
2003-04-01,11312.766,183.2,6.0,5.13,2.34,47.3909,1.5739,31.2122,5.81,5.74,6.85,1.26,86.0,5.13,3.96,1.15,1.62
2003-05-01,11397.400333333333,182.9,6.1,4.76,2.15,47.11,1.6224,30.9194,5.48,5.22,6.38,1.26,92.1,4.76,3.57,1.09,1.42
2003-06-01,11482.034666666666,183.1,6.3,4.62,2.11,46.6995,1.6609,30.4813,5.23,4.97,6.19,1.22,89.7,4.62,3.33,0.94,1.23
2003-07-01,11566.669,183.7,6.2,5.13,2.5,46.22,1.6221,30.3597,5.63,5.49,6.62,1.01,90.9,5.13,3.98,0.92,1.47
2003-08-01,11635.190666666667,184.5,6.1,5.45,2.58,45.9557,1.5939,30.3478,6.26,5.88,7.01,1.03,89.3,5.45,4.45,0.97,1.86
2003-09-01,11703.712333333333,185.1,6.1,5.28,2.57,45.8467,1.6155,30.5953,6.15,5.72,6.79,1.01,87.7,5.28,4.27,0.96,1.71
2003-10-01,11772.234,184.9,6.0,5.3,2.54,45.4036,1.6792,30.1649,5.95,5.7,6.73,1.01,89.6,5.3,4.29,0.94,1.75
2003-11-01,11822.638333333334,185.0,5.8,5.25,2.37,45.5544,1.6897,29.8138,5.93,5.65,6.66,1.0,93.7,5.25,4.3,0.95,1.93
2003-12-01,11873.042666666666,185.5,5.7,5.21,2.36,45.5741,1.7516,29.4391,5.88,5.62,6.6,0.98,92.6,5.21,4.27,0.91,1.91
2004-01-01,11923.447,186.3,5.7,5.13,2.39,45.456,1.8255,28.9234,5.71,5.54,6.44,1.0,103.8,5.13,4.15,0.9,1.76
2004-02-01,11986.569666666666,186.7,5.6,5.08,2.34,45.2726,1.8673,28.5154,5.64,5.5,6.27,1.01,94.4,5.08,4.08,0.94,1.74
2004-03-01,12049.692333333334,187.1,5.8,4.9,2.25,44.9693,1.8261,28.5334,5.45,5.33,6.11,1.0,95.8,4.9,3.83,0.95,1.58
2004-04-01,12112.815,187.4,5.6,5.28,2.28,43.8918,1.8031,28.6759,5.83,5.73,6.46,1.0,94.2,5.28,4.35,0.96,2.07
2004-05-01,12176.979000000001,188.2,5.6,5.51,2.18,45.1755,1.786,28.9867,6.27,6.04,6.75,1.0,90.2,5.51,4.72,1.04,2.53
2004-06-01,12241.143,188.9,5.6,5.48,1.97,45.5027,1.8279,29.0315,6.29,6.01,6.78,1.03,95.6,5.48,4.73,1.29,2.76
2004-07-01,12305.307,189.1,5.5,5.31,1.86,46.0557,1.8438,29.0817,6.06,5.82,6.62,1.26,96.7,5.31,4.5,1.36,2.64
2004-08-01,12379.276,189.2,5.4,5.15,1.77,46.322,1.8203,29.213,5.87,5.65,6.46,1.43,95.9,5.15,4.28,1.5,2.51
2004-09-01,12453.245,189.8,5.4,4.98,1.6,46.0548,1.7937,29.2218,5.75,5.46,6.27,1.61,94.2,4.98,4.13,1.68,2.53
2004-10-01,12527.214,190.8,5.5,4.94,1.51,45.7355,1.8077,29.0776,5.72,5.47,6.21,1.76,91.7,4.94,4.1,1.79,2.58
2004-11-01,12607.238,191.7,5.4,4.95,1.34,45.0325,1.8607,28.5844,5.73,5.52,6.2,1.93,92.8,4.95,4.19,2.11,2.85
2004-12-01,12687.262,191.7,5.4,4.91,1.22,43.847,1.9286,27.9201,5.75,5.47,6.15,2.16,97.1,4.91,4.23,2.22,3.01
2005-01-01,12767.286,191.6,5.3,4.77,1.0,43.615,1.8797,27.935,5.71,5.36,6.02,2.28,95.5,4.77,4.22,2.37,3.22
2005-02-01,12819.076000000001,192.4,5.4,4.56,0.78,43.5758,1.8871,27.9736,5.63,5.2,5.82,2.5,94.1,4.56,4.17,2.58,3.38
2005-03-01,12870.866,193.1,5.2,4.77,0.77,43.5861,1.9043,27.616,5.93,5.4,6.06,2.63,92.6,4.77,4.5,2.8,3.73
2005-04-01,12922.656,193.7,5.2,4.65,0.69,43.6419,1.8961,27.8205,5.86,5.33,6.05,2.79,87.7,4.65,4.34,2.84,3.65
2005-05-01,12995.984666666667,193.6,5.1,4.49,0.5,43.4095,1.8559,27.9203,5.72,5.15,6.01,3.0,86.9,4.49,4.14,2.9,3.64
2005-06-01,13069.313333333334,193.7,5.0,4.28,0.36,43.5245,1.8177,28.5042,5.58,4.96,5.86,3.04,96.0,4.28,4.0,3.04,3.64
2005-07-01,13142.642,194.9,5.0,4.38,0.31,43.434,1.7507,28.6888,5.7,5.06,5.95,3.26,96.5,4.38,4.18,3.29,3.87
2005-08-01,13203.162666666667,196.1,4.9,4.44,0.22,43.55,1.7944,28.4756,5.82,5.09,5.96,3.5,89.1,4.44,4.26,3.52,4.04
2005-09-01,13263.683333333332,198.8,5.0,4.45,0.25,43.8462,1.8064,28.3645,5.77,5.13,6.03,3.62,76.9,4.45,4.2,3.49,3.95
2005-10-01,13324.204,199.1,5.0,4.64,0.19,44.7575,1.7651,28.5472,6.07,5.35,6.3,3.78,74.2,4.64,4.46,3.79,4.27
2005-11-01,13415.856,198.1,5.0,4.7,0.12,45.6315,1.7349,28.7565,6.33,5.42,6.39,4.0,81.6,4.7,4.54,3.97,4.42
2005-12-01,13507.508,198.1,4.9,4.62,0.06,45.5633,1.7458,28.8111,6.27,5.37,6.32,4.16,91.5,4.62,4.47,3.97,4.4
2006-01-01,13599.16,199.3,4.7,4.57,0.02,44.201,1.7686,28.4122,6.15,5.29,6.24,4.29,91.2,4.57,4.42,4.34,4.4
2006-02-01,13650.581333333334,199.4,4.8,4.57,-0.1,44.23,1.748,28.1968,6.25,5.35,6.27,4.49,86.7,4.57,4.57,4.54,4.67
2006-03-01,13702.002666666667,199.7,4.7,4.73,-0.01,44.3378,1.7442,27.8777,6.32,5.53,6.41,4.59,88.9,4.73,4.72,4.63,4.73
2006-04-01,13753.424,200.7,4.7,5.06,0.1,44.8245,1.768,27.5724,6.51,5.84,6.68,4.79,87.4,5.06,4.99,4.72,4.89
2006-05-01,13792.345333333335,201.3,4.6,5.2,0.14,45.1959,1.8687,27.0578,6.6,5.95,6.75,4.94,79.1,5.2,5.11,4.84,4.97
2006-06-01,13831.266666666666,201.8,4.6,5.15,-0.02,45.8886,1.8435,26.9839,6.68,5.89,6.78,4.99,84.9,5.15,5.11,4.92,5.12
2006-07-01,13870.188,202.9,4.7,5.13,-0.03,46.3675,1.8443,26.915,6.76,5.85,6.76,5.24,84.7,5.13,5.09,5.08,5.12
2006-08-01,13926.645333333334,203.8,4.7,5.0,-0.03,46.4461,1.8941,26.7653,6.52,5.68,6.59,5.25,82.0,5.0,4.88,5.09,4.9
2006-09-01,13983.102666666666,202.8,4.5,4.85,-0.05,46.0105,1.8839,26.7442,6.4,5.51,6.43,5.25,85.4,4.85,4.72,4.93,4.77
2006-10-01,14039.56,201.9,4.4,4.85,-0.07,45.3552,1.8765,26.8558,6.36,5.51,6.42,5.25,93.6,4.85,4.73,5.05,4.8
2006-11-01,14098.257,202.0,4.5,4.69,-0.15,44.7257,1.9125,26.6239,6.24,5.33,6.2,5.25,92.1,4.69,4.6,5.07,4.74
2006-12-01,14156.954,203.1,4.4,4.68,-0.11,44.4835,1.9629,26.2865,6.14,5.32,6.22,5.24,91.7,4.68,4.56,4.97,4.67
2007-01-01,14215.651,203.437,4.6,4.85,-0.12,44.2062,1.9587,26.4749,6.22,5.4,6.34,5.25,96.9,4.85,4.76,5.11,4.88
2007-02-01,14277.794666666667,204.226,4.5,4.82,-0.13,44.0195,1.9589,26.3351,6.29,5.39,6.28,5.26,91.3,4.82,4.72,5.16,4.85
2007-03-01,14339.938333333334,205.288,4.4,4.72,-0.01,43.7936,1.9474,26.1108,6.16,5.3,6.27,5.26,88.4,4.72,4.56,5.08,4.57
2007-04-01,14402.082,205.904,4.5,4.87,0.03,42.0176,1.9879,25.842,6.18,5.47,6.39,5.25,87.1,4.87,4.69,5.01,4.67
2007-05-01,14456.093666666668,206.755,4.4,4.9,-0.02,40.5686,1.9842,25.8183,6.26,5.47,6.39,5.25,88.3,4.9,4.75,4.87,4.77
2007-06-01,14510.105333333333,207.234,4.6,5.2,0.12,40.5905,1.9867,25.9256,6.66,5.79,6.7,5.25,85.3,5.2,5.1,4.74,4.98
2007-07-01,14564.117,207.603,4.7,5.11,0.19,40.2738,2.0355,25.5564,6.7,5.73,6.65,5.26,90.4,5.11,5.0,4.96,4.82
2007-08-01,14614.430666666667,207.667,4.6,4.93,0.36,40.6791,2.011,25.6305,6.57,5.79,6.65,5.02,83.4,4.93,4.67,4.32,4.31
2007-09-01,14664.744333333334,208.547,4.7,4.79,0.51,40.1735,2.0184,25.343049998615605,6.38,5.74,6.59,4.94,83.4,4.79,4.52,3.99,4.01
2007-10-01,14715.058,209.19,4.7,4.77,0.56,39.3661,2.0449,24.893897419552697,6.38,5.66,6.48,4.76,80.9,4.77,4.53,4.0,3.97
2007-11-01,14712.218,210.834,4.7,4.52,0.81,39.3267,2.0701,24.473682058685306,6.21,5.44,6.4,4.49,76.1,4.52,4.15,3.35,3.34
2007-12-01,14709.378,211.445,5.0,4.53,0.98,39.375,2.0161,24.5659149336316,6.1,5.49,6.65,4.24,75.5,4.53,4.1,3.07,3.12
2008-01-01,14706.538,212.174,5.0,4.33,1.27,39.2676,1.9702,24.5011,5.76,5.33,6.54,3.94,78.4,4.33,3.74,2.82,2.48
2008-02-01,14759.592333333334,212.687,4.9,4.52,1.76,39.6735,1.9646,24.5347,5.92,5.53,6.82,2.98,70.8,4.52,3.74,2.17,1.97
2008-03-01,14812.646666666666,213.448,5.1,4.39,1.89,40.1452,2.0015,23.7607,5.97,5.51,6.89,2.61,69.5,4.39,3.51,1.28,1.62
2008-04-01,14865.701,213.942,5.0,4.44,1.63,39.9668,1.9816,23.5127,5.92,5.55,6.97,2.28,62.6,4.44,3.68,1.31,2.05
2008-05-01,14876.800333333333,215.208,5.4,4.6,1.43,42.0019,1.965,23.7294,6.04,5.57,6.93,1.98,59.8,4.6,3.88,1.76,2.45
2008-06-01,14887.899666666666,217.463,5.6,4.69,1.33,42.7633,1.9664,23.6376,6.32,5.68,7.07,2.0,56.4,4.69,4.1,1.89,2.77
2008-07-01,14898.999,219.016,5.8,4.57,1.43,42.7027,1.9888,23.3505,6.43,5.67,7.16,2.01,61.2,4.57,4.01,1.66,2.57
2008-08-01,14802.069,218.69,6.1,4.5,1.47,42.9057,1.8865,24.1314,6.48,5.64,7.15,2.0,63.0,4.5,3.89,1.75,2.42
2008-09-01,14705.139000000001,218.877,6.1,4.27,1.61,45.53,1.7973,25.2837,6.04,5.65,7.31,1.81,70.3,4.27,3.69,1.15,2.08
2008-10-01,14608.209,216.995,6.5,4.17,2.2,48.6155,1.6862,26.3512,6.2,6.28,8.88,0.97,57.6,4.17,3.81,0.69,1.61
2008-11-01,14549.106666666667,213.153,6.8,4.0,2.31,48.8517,1.5327,27.3101,6.09,6.12,9.21,0.39,55.3,4.0,3.53,0.19,1.21
2008-12-01,14490.004333333334,211.398,7.3,2.87,1.6,48.5132,1.4854,28.1314,5.29,5.05,8.43,0.16,60.1,2.87,2.42,0.03,0.82
2009-01-01,14430.902,211.933,7.8,3.13,1.71,48.6995,1.4462,31.4715,5.05,5.05,8.14,0.15,61.2,3.13,2.52,0.13,0.81
2009-02-01,14414.346666666666,212.705,8.3,3.59,1.89,49.2484,1.4422,35.7597,5.13,5.27,8.08,0.22,56.3,3.59,2.87,0.3,0.98
2009-03-01,14397.791333333334,212.495,8.7,3.64,1.89,51.1291,1.417,34.6665,5.0,5.5,8.42,0.18,57.3,3.64,2.82,0.22,0.93
2009-04-01,14381.236,212.709,9.0,3.76,2.0,49.9655,1.4712,33.5554,4.81,5.39,8.39,0.15,65.1,3.76,2.93,0.16,0.93
2009-05-01,14403.784666666666,213.022,9.4,4.23,2.36,48.51,1.5418,32.0576,4.86,5.54,8.06,0.18,68.7,4.23,3.29,0.18,0.93
2009-06-01,14426.333333333334,214.79,9.5,4.52,2.54,47.6736,1.6369,31.0262,5.42,5.61,7.5,0.21,70.8,4.52,3.72,0.18,1.18
2009-07-01,14448.882,214.726,9.5,4.41,2.54,48.3624,1.6378,31.5152,5.22,5.41,7.09,0.16,66.0,4.41,3.56,0.18,1.02
2009-08-01,14516.337666666666,215.445,9.6,4.37,2.47,48.2426,1.6532,31.6275,5.19,5.26,6.58,0.16,65.7,4.37,3.59,0.17,1.12
2009-09-01,14583.793333333333,215.861,9.8,4.19,2.45,48.2924,1.6323,30.8114,5.06,5.13,6.31,0.15,73.5,4.19,3.4,0.12,0.96
2009-10-01,14651.249,216.509,10.0,4.19,2.44,46.6524,1.6212,29.4748,4.95,5.15,6.29,0.12,70.6,4.19,3.39,0.07,0.95
2009-11-01,14689.036,217.234,9.9,4.31,2.6,46.5305,1.6599,28.9831,4.88,5.19,6.32,0.12,67.4,4.31,3.4,0.05,0.8
2009-12-01,14726.823,217.347,9.9,4.49,2.72,46.5273,1.6226,29.9354,4.93,5.26,6.37,0.12,72.5,4.49,3.59,0.05,0.87
2010-01-01,14764.61,217.488,9.8,4.6,2.8,45.8944,1.6158,29.9437,5.03,5.26,6.25,0.11,74.4,4.6,3.73,0.06,0.93
2010-02-01,14836.471,217.281,9.8,4.62,2.83,46.2732,1.5618,30.1884,4.99,5.35,6.34,0.13,73.6,4.62,3.69,0.11,0.86
2010-03-01,14908.332,217.353,9.9,4.64,2.77,45.4509,1.5058,29.5644,4.97,5.27,6.27,0.16,73.6,4.64,3.73,0.15,0.96
2010-04-01,14980.193,217.403,9.9,4.69,2.79,44.444,1.5332,29.198,5.1,5.29,6.25,0.2,72.2,4.69,3.85,0.16,1.06
2010-05-01,15033.997666666666,217.29,9.6,4.29,2.59,45.769,1.4669,30.3512022253438,4.89,4.96,6.05,0.2,73.6,4.29,3.42,0.16,0.83
2010-06-01,15087.802333333333,217.199,9.4,4.13,2.48,46.4983,1.4768,31.1673803131406,4.74,4.88,6.23,0.18,76.0,4.13,3.2,0.12,0.72
2010-07-01,15141.607,217.605,9.4,3.99,2.39,46.7617,1.5304,30.6847,4.56,4.72,6.01,0.18,67.8,3.99,3.01,0.16,0.62
2010-08-01,15197.562666666667,217.923,9.5,3.8,2.18,46.4605,1.5661,30.3421056160552,4.43,4.49,5.66,0.19,68.9,3.8,2.7,0.16,0.52
2010-09-01,15253.518333333333,218.275,9.5,3.77,2.17,45.8729,1.5591,30.835972313563104,4.35,4.53,5.66,0.19,68.2,3.77,2.65,0.15,0.48
2010-10-01,15309.474,219.035,9.4,3.87,2.16,44.354,1.5867,30.319766990965295,4.23,4.68,5.72,0.19,67.7,3.87,2.54,0.13,0.38
2010-11-01,15323.465333333334,219.59,9.8,4.19,2.31,44.9315,1.5961,30.9672,4.3,4.87,5.92,0.19,71.6,4.19,2.76,0.14,0.45
2010-12-01,15337.456666666667,220.472,9.3,4.42,2.67,45.1,1.5595,30.852156600603298,4.71,5.02,6.1,0.18,74.5,4.42,3.29,0.14,0.62
2011-01-01,15351.448,221.187,9.1,4.52,2.78,45.375,1.5782,30.0843,4.76,5.04,6.09,0.17,74.2,4.52,3.39,0.15,0.61
2011-02-01,15420.145,221.898,9.0,4.65,2.8,45.3795,1.6124,29.2942,4.95,5.22,6.15,0.16,77.5,4.65,3.58,0.13,0.77
2011-03-01,15488.842,223.046,9.0,4.51,2.72,44.9143,1.6159,28.4308,4.84,5.13,6.03,0.14,67.5,4.51,3.41,0.1,0.7
2011-04-01,15557.539,224.093,9.1,4.5,2.72,44.301,1.6379,28.1039658169972,4.84,5.16,6.02,0.1,69.8,4.5,3.46,0.06,0.73
2011-05-01,15587.586000000001,224.806,9.0,4.29,2.61,44.9024,1.6332,27.86956479925849,4.64,4.96,5.78,0.09,74.3,4.29,3.17,0.04,0.56
2011-06-01,15617.633,224.806,9.1,4.23,2.59,44.8109,1.6219,27.9840581618384,4.51,4.99,5.75,0.09,71.5,4.23,3.0,0.04,0.41
2011-07-01,15647.68,225.395,9.0,4.27,2.6,44.396,1.6158,27.8998790160716,4.55,4.93,5.76,0.07,63.7,4.27,3.0,0.04,0.41
2011-08-01,15712.539666666667,226.106,9.0,3.65,2.07,45.3135,1.6356,28.7673,4.27,4.37,5.36,0.1,55.8,3.65,2.3,0.02,0.23
2011-09-01,15777.399333333333,226.597,9.0,3.18,1.76,47.6905,1.5771,30.4905,4.11,4.09,5.27,0.08,59.5,3.18,1.98,0.01,0.21
2011-10-01,15842.259,226.75,8.8,3.13,1.87,49.202,1.5768,31.351188478736105,4.07,3.98,5.37,0.07,60.8,3.13,2.15,0.02,0.28
2011-11-01,15917.774333333333,227.169,8.6,3.02,1.76,50.6785,1.5806,30.8597,3.99,3.87,5.14,0.08,63.7,3.02,2.01,0.01,0.25
2011-12-01,15993.289666666667,227.223,8.5,2.98,1.72,52.3824,1.5587,31.4526401782608,3.96,3.93,5.25,0.07,69.9,2.98,1.98,0.01,0.26
2012-01-01,16068.805,227.842,8.3,3.03,1.73,51.0015,1.5524,31.5095093616411,3.92,3.85,5.23,0.08,75.0,3.03,1.97,0.03,0.24
2012-02-01,16114.908333333333,228.329,8.3,3.11,1.69,49.1812,1.5804,29.8819592331582,3.89,3.85,5.14,0.1,75.3,3.11,1.97,0.09,0.28
2012-03-01,16161.011666666667,228.807,8.2,3.28,1.83,50.3635,1.5824,29.3958,3.95,3.99,5.23,0.13,76.2,3.28,2.17,0.08,0.34
2012-04-01,16207.115,229.187,8.2,3.18,1.76,51.69,1.6,26.426555064167,3.91,3.96,5.19,0.14,76.4,3.18,2.05,0.08,0.29
2012-05-01,16244.590333333334,228.713,8.2,2.93,1.52,54.3314,1.5924,30.6482,3.8,3.8,5.07,0.16,79.3,2.93,1.8,0.09,0.29
2012-06-01,16282.065666666665,228.524,8.2,2.7,1.33,55.9424,1.5556,32.9132,3.68,3.64,5.02,0.16,73.2,2.7,1.62,0.09,0.29
2012-07-01,16319.541,228.59,8.2,2.59,1.28,55.4248,1.5593,32.5,3.55,3.4,4.87,0.16,72.3,2.59,1.53,0.1,0.25
2012-08-01,16353.167,229.918,8.1,2.77,1.41,55.4935,1.5722,32.033,3.6,3.48,4.91,0.13,74.3,2.77,1.68,0.1,0.27
2012-09-01,16386.793,231.015,7.8,2.88,1.47,54.35,1.6126,31.5272850062338,3.5,3.49,4.84,0.14,78.3,2.88,1.72,0.11,0.26
2012-10-01,16420.419,231.638,7.8,2.9,1.47,53.0995,1.608,31.092035300274496,3.38,3.47,4.58,0.16,82.6,2.9,1.75,0.1,0.28
2012-11-01,16496.342333333334,231.249,7.7,2.8,1.39,54.7845,1.5968,31.410079603352603,3.35,3.5,4.51,0.16,82.7,2.8,1.65,0.09,0.27
2012-12-01,16572.265666666666,231.221,7.9,2.88,1.46,54.647,1.6145,30.740352655073295,3.35,3.65,4.63,0.16,72.9,2.88,1.72,0.07,0.26
2013-01-01,16648.189,231.679,8.0,3.08,1.65,54.229,1.5965,30.257811124984,3.41,3.8,4.73,0.14,73.8,3.08,1.91,0.07,0.27
2013-02-01,16675.021666666667,232.937,7.7,3.17,1.72,53.8079,1.5474,30.1608371320481,3.53,3.9,4.85,0.15,77.6,3.17,1.98,0.1,0.27
2013-03-01,16701.854333333333,232.282,7.5,3.16,1.7,54.4229,1.508,30.7983714990946,3.57,3.93,4.85,0.14,78.6,3.16,1.96,0.09,0.26
2013-04-01,16728.687,231.797,7.6,2.93,1.53,54.3236,1.5311,31.3290071613254,3.45,3.73,4.59,0.15,76.4,2.93,1.76,0.06,0.23
2013-05-01,16803.737333333334,231.893,7.5,3.11,1.68,54.9845,1.5297,31.2406147157314,3.54,3.89,4.73,0.11,84.5,3.11,1.93,0.04,0.25
2013-06-01,16878.787666666667,232.445,7.5,3.4,1.97,58.3835,1.5493,32.2777639061442,4.07,4.27,5.19,0.09,84.1,3.4,2.3,0.05,0.33
2013-07-01,16953.838,232.9,7.3,3.61,2.24,59.7609,1.5179,32.7364128846722,4.37,4.34,5.32,0.09,85.1,3.61,2.58,0.04,0.34
2013-08-01,17033.231666666667,233.456,7.2,3.76,2.38,62.8109,1.5505,33.0154278112175,4.46,4.54,5.42,0.08,82.1,3.76,2.74,0.04,0.36
2013-09-01,17112.625333333333,233.544,7.2,3.79,2.41,63.648,1.5885,32.6284295149345,4.49,4.64,5.47,0.08,77.5,3.79,2.81,0.02,0.4
2013-10-01,17192.019,233.669,7.2,3.68,2.28,61.6059,1.6098,32.0622479332239,4.19,4.53,5.31,0.09,73.2,3.68,2.62,0.05,0.34
2013-11-01,17193.925333333333,234.1,6.9,3.8,2.41,62.5179,1.61,32.6448,4.26,4.63,5.38,0.08,75.1,3.8,2.72,0.07,0.3
2013-12-01,17195.83166666667,234.719,6.7,3.89,2.56,61.811,1.6383,32.894,4.46,4.62,5.38,0.09,82.5,3.89,2.9,0.07,0.34
2014-01-01,17197.738,235.288,6.6,3.77,2.46,62.1057,1.647,33.457,4.43,4.49,5.19,0.07,81.2,3.77,2.86,0.04,0.39
2014-02-01,17304.661333333333,235.547,6.7,3.66,2.38,62.1642,1.6558,35.2237,4.3,4.45,5.1,0.07,81.6,3.66,2.71,0.05,0.33
2014-03-01,17411.58466666667,236.028,6.7,3.62,2.32,60.9476,1.6624,36.211,4.34,4.38,5.06,0.08,80.0,3.62,2.72,0.05,0.4
2014-04-01,17518.508,236.468,6.2,3.52,2.29,60.3464,1.6748,35.6618,4.34,4.24,4.9,0.09,84.1,3.52,2.71,0.03,0.42
2014-05-01,17613.748,236.918,6.3,3.39,2.17,59.2843,1.6842,34.9269,4.19,4.16,4.76,0.09,81.9,3.39,2.56,0.03,0.39
2014-06-01,17708.988,237.231,6.1,3.42,2.15,59.7367,1.6908,34.4065,4.16,4.25,4.8,0.1,82.5,3.42,2.6,0.04,0.45
2014-07-01,17804.228,237.498,6.2,3.33,2.04,60.0956,1.7066,34.6352,4.13,4.16,4.73,0.09,81.8,3.33,2.54,0.03,0.51
2014-08-01,17840.178333333333,237.46,6.1,3.2,1.95,60.8738,1.67,36.10997288639589,4.12,4.08,4.69,0.09,82.5,3.2,2.42,0.03,0.47
2014-09-01,17876.128666666667,237.477,5.9,3.26,1.97,60.8976,1.629,37.869515476940315,4.16,4.11,4.8,0.09,84.6,3.26,2.53,0.02,0.57
2014-10-01,17912.079,237.43,5.7,3.04,1.86,61.3668,1.6074,40.7589,4.04,3.92,4.69,0.09,86.9,3.04,2.3,0.02,0.45
2014-11-01,17962.562333333335,236.983,5.8,3.04,1.8,61.6828,1.5771,45.864897369665904,4.0,3.92,4.79,0.09,88.8,3.04,2.33,0.02,0.53
2014-12-01,18013.045666666665,236.252,5.6,2.83,1.57,62.7071,1.5644,55.4131,3.86,3.79,4.74,0.12,93.6,2.83,2.21,0.03,0.64
2015-01-01,18063.529,234.747,5.7,2.46,1.33,62.13,1.5142,61.6987575066538,3.67,3.46,4.45,0.11,98.1,2.46,1.88,0.03,0.55
2015-02-01,18135.613999999998,235.342,5.5,2.57,1.36,61.9905,1.5329,64.6323693746473,3.71,3.61,4.51,0.11,95.4,2.57,1.98,0.02,0.62
2015-03-01,18207.699,235.976,5.4,2.63,1.4,62.4805,1.4958,60.2342744254407,3.77,3.64,4.54,0.11,93.0,2.63,2.04,0.03,0.64
2015-04-01,18279.784,236.222,5.4,2.59,1.4,62.6414,1.4968,52.8694,3.67,3.52,4.48,0.12,95.9,2.59,1.94,0.02,0.54
2015-05-01,18320.398,237.001,5.6,2.96,1.59,63.715,1.5456,50.5807,3.84,3.98,4.89,0.12,90.7,2.96,2.2,0.02,0.61
2015-06-01,18361.012,237.657,5.3,3.11,1.68,63.7809,1.5576,54.4998,3.98,4.19,5.13,0.13,96.1,3.11,2.36,0.02,0.69
2015-07-01,18401.626,238.034,5.2,3.07,1.66,63.6045,1.556,57.0673,4.05,4.15,5.2,0.13,93.1,3.07,2.32,0.03,0.67
2015-08-01,18412.796333333332,238.033,5.1,2.86,1.47,65.0971,1.5578,65.1515,3.91,4.04,5.19,0.14,91.9,2.86,2.17,0.07,0.7
2015-09-01,18423.966666666667,237.498,5.0,2.95,1.46,66.1667,1.5338,66.7662,3.89,4.07,5.34,0.14,87.2,2.95,2.17,0.02,0.71
2015-10-01,18435.137,237.733,5.0,2.89,1.43,65.0262,1.5343,63.0652,3.8,3.95,5.34,0.12,90.0,2.89,2.07,0.02,0.64
2015-11-01,18465.40233333333,238.017,5.1,3.03,1.38,66.1,1.5194,65.02600000000001,3.94,4.06,5.46,0.12,91.3,3.03,2.26,0.13,0.88
2015-12-01,18495.667666666668,237.761,5.0,2.97,1.26,66.5023,1.4981,69.6603,3.96,3.97,5.46,0.24,92.6,2.97,2.24,0.23,0.98
2016-01-01,18525.933,237.652,4.8,2.86,1.19,67.3332,1.4392,76.2506,3.87,4.0,5.45,0.34,92.0,2.86,2.09,0.26,0.9
2016-02-01,18587.856,237.336,4.9,2.62,1.05,68.2395,1.429,77.21739999999998,3.66,3.96,5.34,0.38,91.7,2.62,1.78,0.31,0.73
2016-03-01,18649.779000000002,238.08,5.0,2.68,1.01,66.8909,1.4249,70.4711,3.69,3.82,5.13,0.36,91.0,2.68,1.89,0.3,0.88
2016-04-01,18711.702,238.992,5.1,2.62,1.04,66.4219,1.4319,66.6827,3.61,3.62,4.79,0.37,89.0,2.62,1.81,0.23,0.77
2016-05-01,18772.014333333333,239.557,4.8,2.63,0.99,66.8895,1.4524,65.663,3.6,3.65,4.68,0.37,94.7,2.63,1.81,0.28,0.82
2016-06-01,18832.326666666668,240.222,4.9,2.45,0.91,67.2655,1.4197,65.306,3.57,3.5,4.53,0.38,93.5,2.45,1.64,0.27,0.73
2016-07-01,18892.639,240.101,4.8,2.23,0.83,67.158,1.3134,64.334,3.44,3.28,4.22,0.39,90.0,2.23,1.5,0.3,0.67
2016-08-01,18958.219,240.545,4.9,2.26,0.82,66.9035,1.3101,64.9231,3.44,3.32,4.24,0.4,89.8,2.26,1.56,0.3,0.74
2016-09-01,19023.799,241.176,5.0,2.35,0.86,66.7138,1.314,64.5976,3.46,3.41,4.31,0.4,91.2,2.35,1.63,0.29,0.77
2016-10-01,19089.379,241.741,4.9,2.5,0.92,66.7415,1.233,62.6798,3.47,3.51,4.38,0.4,87.2,2.5,1.76,0.33,0.84
2016-11-01,19152.947333333334,242.026,4.7,2.86,1.16,67.6395,1.2432,64.3612,3.77,3.86,4.71,0.41,93.8,2.86,2.14,0.45,0.98
2016-12-01,19216.515666666666,242.637,4.7,3.11,1.3,67.8052,1.2483,62.1847,4.2,4.06,4.83,0.54,98.2,3.11,2.49,0.51,1.2
2017-01-01,19280.084,243.618,4.7,3.02,1.23,68.0474,1.2367,59.9558,4.15,3.92,4.66,0.65,98.5,3.02,2.43,0.52,1.21
2017-02-01,19332.936999999998,244.006,4.6,3.03,1.22,66.9726,1.2495,58.3921,4.17,3.95,4.64,0.66,96.3,3.03,2.42,0.53,1.2
2017-03-01,19385.79,243.892,4.4,3.08,1.17,65.8009,1.2347,58.1037,4.2,4.01,4.68,0.79,96.9,3.08,2.48,0.75,1.31
2017-04-01,19438.643,244.193,4.4,2.94,1.06,64.536,1.2639,56.43,4.05,3.87,4.57,0.9,97.0,2.94,2.3,0.81,1.24
2017-05-01,19523.29366666667,244.004,4.4,2.96,1.0,64.4195,1.2929,57.17,4.01,3.85,4.55,0.91,97.1,2.96,2.3,0.9,1.3
2017-06-01,19607.944333333333,244.163,4.3,2.8,0.84,64.4482,1.281,57.81849876865029,3.9,3.68,4.37,1.04,95.0,2.8,2.19,1.0,1.34
2017-07-01,19692.595,244.243,4.3,2.88,0.95,64.424,1.2996,59.6683839702776,3.97,3.7,4.39,1.15,93.4,2.88,2.32,1.09,1.37
2017-08-01,19807.426,245.183,4.4,2.8,0.87,63.9683,1.2952,59.6468081739681,3.88,3.63,4.31,1.16,96.8,2.8,2.21,1.03,1.34
2017-09-01,19922.257,246.435,4.3,2.78,0.82,64.4775,1.334,57.6938982621206,3.81,3.63,4.3,1.15,95.1,2.78,2.2,1.05,1.38
2017-10-01,20037.088,246.626,4.2,2.88,0.81,65.0357,1.3202,57.7298540771854,3.9,3.6,4.32,1.15,100.7,2.88,2.36,1.09,1.55
2017-11-01,20134.243,247.284,4.2,2.8,0.66,64.8435,1.3217,58.918170969861286,3.92,3.57,4.27,1.16,98.5,2.8,2.35,1.25,1.7
2017-12-01,20231.398,247.805,4.1,2.77,0.56,64.2445,1.3404,58.5864,3.95,3.51,4.22,1.3,95.9,2.77,2.4,1.34,1.84
2018-01-01,20328.553,248.859,4.0,2.88,0.55,63.6452,1.3824,56.7843,4.03,3.55,4.26,1.41,95.7,2.88,2.58,1.43,2.03
2018-02-01,20412.672666666665,249.529,4.1,3.13,0.68,64.43,1.3961,56.8076,4.33,3.82,4.51,1.42,99.7,3.13,2.86,1.59,2.18
2018-03-01,20496.792333333335,249.577,4.0,3.09,0.57,65.0455,1.3976,57.0331,4.44,3.87,4.64,1.51,101.4,3.09,2.84,1.73,2.28
2018-04-01,20580.912,250.227,4.0,3.07,0.48,65.6729,1.4079,60.4268,4.47,3.85,4.67,1.69,98.8,3.07,2.87,1.79,2.38
2018-05-01,20653.518,250.792,3.8,3.13,0.47,67.51,1.347,62.2062,4.59,4.0,4.83,1.7,98.0,3.13,2.98,1.9,2.51
2018-06-01,20726.124,251.018,4.0,3.05,0.38,67.79,1.3294,62.7115,4.57,3.96,4.83,1.82,98.2,3.05,2.91,1.94,2.53
2018-07-01,20798.73,251.214,3.8,3.01,0.28,68.6867,1.3162,62.8815,4.53,3.87,4.79,1.91,97.9,3.01,2.89,1.99,2.61
2018-08-01,20838.442333333332,251.663,3.8,3.04,0.25,69.6317,1.2878,66.0944,4.55,3.88,4.77,1.91,96.2,3.04,2.89,2.07,2.64
2018-09-01,20878.154666666665,252.182,3.7,3.15,0.24,72.2779,1.3066,67.6467,4.63,3.98,4.88,1.95,100.1,3.15,3.0,2.17,2.77
2018-10-01,20917.867,252.772,3.8,3.34,0.29,73.5609,1.3012,65.8853,4.83,4.14,5.07,2.19,98.6,3.34,3.15,2.29,2.86
2018-11-01,20982.444666666666,252.594,3.8,3.36,0.26,71.738,1.29,66.2375,4.87,4.22,5.22,2.2,97.5,3.36,3.12,2.37,2.86
2018-12-01,21047.02233333333,252.767,3.9,3.1,0.16,70.8331,1.2664,67.3027,4.64,4.02,5.13,2.27,98.3,3.1,2.83,2.41,2.68
2019-01-01,21111.6,252.561,4.0,3.04,0.17,70.71,1.2901,67.3328,4.46,3.93,5.12,2.4,91.2,3.04,2.71,2.42,2.54
2019-02-01,21207.046,253.319,3.8,3.02,0.17,71.1739,1.3016,65.8593,4.37,3.79,4.95,2.4,93.8,3.02,2.68,2.44,2.5
2019-03-01,21302.492,254.277,3.8,2.98,0.16,69.4895,1.3167,65.1429,4.27,3.77,4.84,2.41,98.4,2.98,2.57,2.45,2.41
2019-04-01,21397.938,255.233,3.7,2.94,0.19,69.4068,1.3029,64.617,4.14,3.69,4.7,2.42,97.2,2.94,2.53,2.43,2.34
2019-05-01,21504.349,255.296,3.6,2.82,0.19,69.7827,1.2855,64.8152,4.07,3.67,4.63,2.39,100.0,2.82,2.4,2.4,2.21
2019-06-01,21610.76,255.213,3.6,2.57,0.26,69.388,1.2675,64.2246,3.8,3.42,4.46,2.38,98.2,2.57,2.07,2.22,1.81
2019-07-01,21717.171,255.802,3.7,2.57,0.22,68.7391,1.2461,63.1983,3.77,3.29,4.28,2.4,98.4,2.57,2.06,2.15,1.84
2019-08-01,21789.18633333333,256.036,3.6,2.12,0.06,71.1891,1.216,65.5278,3.62,2.98,3.87,2.13,89.8,2.12,1.63,1.99,1.57
2019-09-01,21861.201666666668,256.43,3.5,2.16,0.05,71.311,1.2369,64.9795,3.61,3.03,3.91,2.04,93.2,2.16,1.7,1.93,1.65
2019-10-01,21933.217,257.155,3.6,2.19,0.16,71.0086,1.2657,64.3539,3.69,3.01,3.93,1.83,95.5,2.19,1.71,1.68,1.55
2019-11-01,21864.697,257.879,3.6,2.28,0.2,71.4942,1.2884,63.865,3.7,3.06,3.94,1.55,96.8,2.28,1.81,1.57,1.61
2019-12-01,21796.177,258.63,3.6,2.3,0.25,71.1567,1.3109,62.9356,3.72,3.01,3.88,1.55,99.3,2.3,1.86,1.57,1.61
2020-01-01,21727.657,258.906,3.6,2.22,0.24,71.279,1.3076,61.7808,3.62,2.94,3.77,1.55,99.8,2.22,1.76,1.55,1.52
2020-02-01,21130.252666666667,259.246,3.5,1.97,0.17,71.5295,1.2953,63.8776,3.47,2.78,3.61,1.58,101.0,1.97,1.5,1.54,1.33
2020-03-01,20532.84833333333,258.15,4.4,1.46,0.42,74.5482,1.2369,73.14799999999998,3.45,3.02,4.29,0.65,89.1,1.46,0.87,0.3,0.45
2020-04-01,19935.444,256.126,14.8,1.27,0.43,76.1682,1.242,75.21689999999998,3.31,2.43,4.13,0.05,71.8,1.27,0.66,0.14,0.22
2020-05-01,20518.479666666666,255.848,13.2,1.38,0.5,75.6575,1.2302,72.611,3.23,2.5,3.95,0.05,72.3,1.38,0.67,0.13,0.17
2020-06-01,21101.515333333333,257.004,11.0,1.49,0.54,75.7077,1.2523,69.2217,3.16,2.44,3.64,0.08,78.1,1.49,0.73,0.16,0.19
2020-07-01,21684.551,258.408,10.2,1.31,0.48,74.9286,1.2701,71.2825,3.02,2.14,3.31,0.09,72.5,1.31,0.62,0.13,0.15
2020-08-01,21812.623,259.366,8.4,1.36,0.51,74.5657,1.3143,73.79699999999998,2.94,2.25,3.27,0.1,74.1,1.36,0.65,0.1,0.14
2020-09-01,21940.695,259.951,7.8,1.42,0.54,73.5233,1.2947,75.6513,2.89,2.31,3.36,0.09,80.4,1.42,0.68,0.11,0.13
2020-10-01,22068.767,260.249,6.8,1.57,0.64,73.5648,1.298,77.5887,2.83,2.35,3.44,0.09,81.8,1.57,0.79,0.1,0.15
2020-11-01,22264.77566666667,260.895,6.7,1.62,0.7,74.2311,1.3198,77.033,2.77,2.3,3.3,0.09,76.9,1.62,0.87,0.09,0.17
2020-12-01,22460.784333333333,262.005,6.7,1.67,0.8,73.6195,1.3434,74.05039999999998,2.68,2.26,3.16,0.09,80.7,1.67,0.93,0.09,0.14
2021-01-01,22656.793,262.518,6.4,1.82,0.95,73.1106,1.3641,74.2247,2.74,2.45,3.24,0.09,79.0,1.82,1.08,0.08,0.13
2021-02-01,22894.149,263.583,6.2,2.04,1.14,72.8053,1.3867,74.3794,2.81,2.7,3.42,0.08,76.8,2.04,1.26,0.04,0.12
2021-03-01,23131.505,264.91,6.1,2.34,1.46,72.8196,1.3863,74.4093,3.08,3.04,3.74,0.07,84.9,2.34,1.61,0.03,0.15
2021-04-01,23368.861,266.752,6.1,2.3,1.47,74.5186,1.3845,76.09239999999998,3.06,2.9,3.6,0.07,88.3,2.3,1.64,0.02,0.16
2021-05-01,23553.237666666668,268.452,5.8,2.32,1.47,73.2065,1.4084,74.042,2.96,2.96,3.62,0.06,82.9,2.32,1.62,0.02,0.16
2021-06-01,23737.614333333335,270.664,5.9,2.16,1.32,73.5782,1.4025,72.5083,2.98,2.79,3.45,0.08,85.5,2.16,1.52,0.04,0.2
2021-07-01,23921.991,271.994,5.4,1.94,1.1,74.539,1.3808,73.9174,2.87,2.57,3.24,0.1,81.2,1.94,1.32,0.05,0.22
2021-08-01,24207.006666666668,272.789,5.1,1.92,1.07,74.1155,1.3797,73.5929,2.84,2.55,3.24,0.09,70.3,1.92,1.28,0.05,0.22
2021-09-01,24492.022333333334,273.887,4.7,1.94,1.13,73.6357,1.3732,72.891,2.9,2.53,3.23,0.08,72.8,1.94,1.37,0.04,0.24
2021-10-01,24777.038,276.434,4.5,2.06,1.19,74.92,1.3701,71.492,3.07,2.68,3.35,0.08,71.7,2.06,1.58,0.05,0.39
2021-11-01,24923.189000000002,278.799,4.1,1.94,1.05,74.477,1.3463,72.58639999999998,3.07,2.62,3.28,0.08,67.4,1.94,1.56,0.05,0.51
2021-12-01,25069.34,280.808,3.9,1.85,0.79,75.3948,1.3303,73.71639999999998,3.1,2.64,3.3,0.08,70.6,1.85,1.47,0.06,0.68
2022-01-01,25215.491,282.39,4.0,2.1,0.78,74.4075,1.3555,75.8682,3.45,2.93,3.59,0.08,67.2,2.1,1.76,0.15,0.98
2022-02-01,25412.25766666667,284.535,3.8,2.25,0.5,74.9695,1.354,77.3412,3.76,3.25,3.97,0.08,62.8,2.25,1.93,0.31,1.44
2022-03-01,25609.024333333335,287.553,3.6,2.41,0.22,76.1896,1.3168,103.6808,4.17,3.43,4.29,0.2,59.4,2.41,2.13,0.45,1.91
2022-04-01,25805.791,288.764,3.7,2.81,0.21,76.1719,1.2933,77.80889999999998,4.98,3.76,4.66,0.33,65.2,2.81,2.75,0.76,2.54
2022-05-01,25961.197666666667,291.359,3.6,3.07,0.28,77.2933,1.2438,64.6393,5.23,4.13,5.12,0.77,58.4,3.07,2.9,0.99,2.62
2022-06-01,26116.604333333333,294.996,3.6,3.25,0.15,78.09,1.232,57.1764,5.52,4.24,5.27,1.21,50.0,3.25,3.14,1.54,3.0
2022-07-01,26272.011,294.977,3.5,3.1,-0.14,79.5915,1.1987,58.0843,5.41,4.06,5.21,1.68,51.5,3.1,2.9,2.3,3.04
2022-08-01,26426.099666666665,295.209,3.6,3.13,-0.35,79.5065,1.1983,60.3487,5.22,4.07,5.15,2.33,58.2,3.13,2.9,2.72,3.25
2022-09-01,26580.18833333333,296.341,3.5,3.56,-0.34,80.2538,1.132,59.7916,6.11,4.59,5.69,2.56,58.6,3.56,3.52,3.22,3.86
2022-10-01,26734.277,297.863,3.6,4.04,-0.39,82.2915,1.1332,60.8636,6.9,5.1,6.26,3.08,59.9,4.04,3.98,3.87,4.38
2022-11-01,26877.637666666666,298.648,3.6,4.0,-0.61,81.6805,1.1727,60.8749,6.81,4.9,6.07,3.78,56.7,4.0,3.89,4.32,4.5
2022-12-01,27020.998333333333,298.812,3.5,3.66,-0.67,82.4738,1.218,65.3414,6.36,4.43,5.59,4.1,59.8,3.66,3.62,4.36,4.29
2023-01-01,27164.359,300.356,3.4,3.66,-0.68,81.741,1.2237,69.2264,6.27,4.4,5.5,4.33,64.9,3.66,3.53,4.69,4.21
2023-02-01,27260.844333333334,301.509,3.6,3.8,-0.79,82.5995,1.2084,73.0047,6.26,4.56,5.59,4.57,66.9,3.8,3.75,4.79,4.53
2023-03-01,27357.329666666665,301.744,3.5,3.77,-0.64,82.2665,1.2138,76.08249999999998,6.54,4.6,5.71,4.65,62.0,3.77,3.66,4.86,4.3
2023-04-01,27453.815,303.032,3.4,3.68,-0.56,81.9685,1.2446,80.8803,6.34,4.47,5.53,4.83,63.7,3.68,3.46,5.07,4.02
2023-05-01,27625.109,303.365,3.7,3.86,-0.56,82.2977,1.2484,78.9367,6.43,4.67,5.77,5.06,59.0,3.86,3.57,5.31,4.13
2023-06-01,27796.403,304.003,3.6,3.87,-0.89,82.2252,1.2627,83.1468,6.71,4.65,5.75,5.08,64.2,3.87,3.75,5.42,4.64
2023-07-01,27967.697,304.628,3.5,3.96,-0.93,82.1565,1.2893,90.41650000000001,6.84,4.66,5.74,5.12,71.5,3.96,3.9,5.49,4.83
2023-08-01,28077.453666666668,306.187,3.8,4.28,-0.73,82.8122,1.2706,95.2629,7.07,4.95,6.02,5.33,69.4,4.28,4.17,5.56,4.9
2023-09-01,28187.210333333333,307.288,3.8,4.47,-0.64,83.07,1.2381,96.6494,7.2,5.13,6.16,5.33,67.8,4.47,4.38,5.56,5.02
2023-10-01,28296.967,307.531,3.8,4.95,-0.27,83.2162,1.2175,97.0068,7.62,5.61,6.63,5.33,63.8,4.95,4.8,5.6,5.07
2023-11-01,28406.001,308.024,3.7,4.66,-0.38,83.266,1.2437,90.5715,7.44,5.28,6.29,5.33,61.3,4.66,4.5,5.52,4.88
2023-12-01,28515.035,308.742,3.7,4.14,-0.44,83.254,1.2657,90.7596,6.82,4.74,5.64,5.33,69.7,4.14,4.02,5.44,4.46
2024-01-01,28624.069,309.685,3.7,4.26,-0.26,83.1119,1.2701,88.9825,6.64,4.87,5.68,5.33,79.0,4.26,4.06,5.45,4.32
2024-02-01,28754.950666666668,311.054,3.9,4.38,-0.34,82.9485,1.263,91.6103,6.78,5.03,5.77,5.33,76.9,4.38,4.21,5.44,4.54
2024-03-01,28885.832333333332,312.23,3.8,4.36,-0.38,83.0214,1.2713,91.6941,6.82,5.01,5.75,5.33,79.4,4.36,4.21,5.47,4.59
2024-04-01,29016.714,313.207,3.9,4.66,-0.33,83.3968,1.2517,92.8856,6.99,5.28,6.0,5.33,77.2,4.66,4.54,5.44,4.87
2024-05-01,29136.114,313.225,4.0,4.62,-0.37,83.3873,1.2636,90.8704,7.06,5.25,5.95,5.33,69.1,4.62,4.48,5.46,4.86
2024-06-01,29255.514,313.049,4.1,4.44,-0.43,83.46,1.2716,88.0459,6.92,5.13,5.82,5.33,68.2,4.44,4.31,5.51,4.74
2024-07-01,29374.914,313.534,4.3,4.46,-0.25,83.5895,1.287,,6.85,5.12,5.84,5.33,66.4,4.46,4.25,5.43,4.5
2024-08-01,29374.914,314.121,4.2,4.15,-0.09,83.8855,1.2945,,6.5,4.87,5.6,5.33,67.9,4.15,3.87,5.3,3.97
2024-09-01,29374.914,314.686,4.1,4.04,0.1,83.791,1.3219,,6.18,4.68,5.42,5.13,70.1,4.04,3.72,4.92,3.62
2024-10-01,29374.914,315.454,4.1,4.38,0.12,84.005,1.3043,,6.43,4.95,5.63,4.83,70.5,4.38,4.1,4.72,3.97
2024-11-01,29374.914,316.441,4.2,4.54,0.1,84.3326,1.2738,,6.81,5.14,5.78,4.64,71.8,4.54,4.36,4.62,4.26
2024-12-01,,,,,0.13,,,,6.72,5.19,5.79,4.48,,4.58,4.39,4.39,4.23
2025-01-01,,,,,,,,,,,,,,,,,
